customer_id,first_name,last_name,email,gender
1,Nikki,Prudence,nprudence0@google.cn,Genderfluid
2,Muffin,Dearden,mdearden1@printfriendly.com,Genderqueer
3,Enrique,Newcome,enewcome2@biglobe.ne.jp,Genderfluid
4,Carver,Jiruch,cjiruch3@usgs.gov,Female
5,Ellswerth,Penrice,epenrice4@house.gov,Bigender
6,Marga,Pentelow,mpentelow5@instagram.com,Bigender
7,Gerald,Marjanski,gmarjanski6@mit.edu,Non-binary
8,Abbi,Speares,aspeares7@cnbc.com,Non-binary
9,Frederica,Fetherstone,ffetherstone8@upenn.edu,Genderfluid
10,Horatia,Winning,hwinning9@biglobe.ne.jp,Non-binary
11,Alwin,Batchelar,abatchelara@vinaora.com,Male
12,Tallie,Darbishire,tdarbishireb@lycos.com,Genderqueer
13,Henriette,Frary,hfraryc@topsy.com,Bigender
14,Sybilla,Tesh,steshd@hostgator.com,Agender
15,Brynne,Warton,bwartone@hexun.com,Bigender
16,Ellene,Bosch,eboschf@fastcompany.com,Non-binary
17,Laurens,McEttigen,lmcettigeng@forbes.com,Agender
18,Robinet,Tomblings,rtomblingsh@msu.edu,Non-binary
19,Derwin,Seager,dseageri@addthis.com,Genderfluid
20,Melamie,Heiss,mheissj@washingtonpost.com,Agender
21,Marcela,Jeggo,mjeggok@telegraph.co.uk,Genderqueer
22,Concettina,Ridolfi,cridolfil@sourceforge.net,Bigender
23,Silvain,Renak,srenakm@examiner.com,Female
24,Thane,Wragg,twraggn@google.co.jp,Agender
25,Nicole,Ternent,nternento@mysql.com,Female
26,Arabella,Goodlud,agoodludp@reverbnation.com,Polygender
27,Bill,Brockelsby,bbrockelsbyq@mashable.com,Genderqueer
28,Juli,Youd,jyoudr@usatoday.com,Bigender
29,Maressa,Basnett,mbasnetts@livejournal.com,Female
30,Pat,Snyder,psnydert@github.com,Bigender
31,Hurlee,Humberstone,hhumberstoneu@liveinternet.ru,Non-binary
32,Lin,Casaroli,lcasaroliv@google.com.br,Bigender
33,Justinian,Cridge,jcridgew@macromedia.com,Genderqueer
34,Faustine,Collisson,fcollissonx@redcross.org,Agender
35,Tymothy,Oliff,toliffy@myspace.com,Non-binary
36,Raye,Cormode,rcormodez@sbwire.com,Female
37,Gwendolen,Grandisson,ggrandisson10@ocn.ne.jp,Genderqueer
38,Stevena,Vuitte,svuitte11@businessweek.com,Male
39,Archer,Bromehead,abromehead12@pen.io,Non-binary
40,Yettie,Lambeth,ylambeth13@cpanel.net,Agender
41,Shamus,Ticic,sticic14@reddit.com,Genderfluid
42,Effie,Ross,eross15@foxnews.com,Genderfluid
43,Lucinda,Weymouth,lweymouth16@soundcloud.com,Male
44,Doris,Panter,dpanter17@creativecommons.org,Bigender
45,Angy,Grieger,agrieger18@artisteer.com,Bigender
46,Branden,Strowan,bstrowan19@etsy.com,Male
47,Emilee,Erlam,eerlam1a@eepurl.com,Agender
48,Claus,Skillings,cskillings1b@oracle.com,Female
49,Marcellus,Handaside,mhandaside1c@guardian.co.uk,Female
50,Chrisse,Sidebotham,csidebotham1d@wired.com,Non-binary
51,Hetti,Papps,hpapps1e@hostgator.com,Agender
52,Mady,Grolmann,mgrolmann1f@nature.com,Male
53,Shane,Simonetto,ssimonetto1g@marriott.com,Polygender
54,Clarke,Campaigne,ccampaigne1h@amazon.co.jp,Male
55,Jill,Legge,jlegge1i@icq.com,Polygender
56,Freddy,Aarons,faarons1j@hexun.com,Male
57,Emmie,Maccaig,emaccaig1k@economist.com,Female
58,Muriel,Biffen,mbiffen1l@businessinsider.com,Polygender
59,Wolfgang,Linford,wlinford1m@dmoz.org,Bigender
60,Isabelle,Giannazzo,igiannazzo1n@samsung.com,Male
61,Salim,Trowill,strowill1o@bloglines.com,Genderfluid
62,Uta,Noblett,unoblett1p@squidoo.com,Non-binary
63,Lenee,Enterlein,lenterlein1q@ezinearticles.com,Polygender
64,Etta,Bangle,ebangle1r@vkontakte.ru,Genderqueer
65,Lindie,Colville,lcolville1s@exblog.jp,Genderqueer
66,Myriam,Adlard,madlard1t@issuu.com,Male
67,Cristy,Garman,cgarman1u@desdev.cn,Genderfluid
68,Rod,Brothers,rbrothers1v@nbcnews.com,Agender
69,Tonie,Pennick,tpennick1w@theatlantic.com,Female
70,Aveline,Kembrey,akembrey1x@admin.ch,Genderfluid
71,Aeriell,Jeffers,ajeffers1y@imageshack.us,Genderfluid
72,Fletch,Munnis,fmunnis1z@adobe.com,Polygender
73,Orville,Fauning,ofauning20@hostgator.com,Genderfluid
74,Honey,Goldson,hgoldson21@cdc.gov,Male
75,Ellery,Wreath,ewreath22@sciencedirect.com,Genderqueer
76,Clement,Bawden,cbawden23@ebay.com,Genderfluid
77,Irma,Springer,ispringer24@wiley.com,Genderqueer
78,Dela,Sherborn,dsherborn25@photobucket.com,Genderqueer
79,Orel,Vasile,ovasile26@tamu.edu,Bigender
80,Gertrudis,Kohnert,gkohnert27@histats.com,Non-binary
81,Cortie,Coxen,ccoxen28@wp.com,Genderqueer
82,Thaxter,Lillow,tlillow29@mozilla.com,Male
83,Winston,Belliveau,wbelliveau2a@nytimes.com,Genderqueer
84,Virgilio,Caven,vcaven2b@naver.com,Agender
85,Mora,Whichelow,mwhichelow2c@yale.edu,Polygender
86,Bernice,Farryn,bfarryn2d@sciencedirect.com,Polygender
87,Salli,Eake,seake2e@ow.ly,Agender
88,Gloriana,Simonitto,gsimonitto2f@lycos.com,Female
89,Pernell,Caldeiro,pcaldeiro2g@google.cn,Non-binary
90,Jermaine,Murdie,jmurdie2h@stanford.edu,Bigender
91,Junia,Hammand,jhammand2i@biblegateway.com,Genderfluid
92,Clayson,Ashman,cashman2j@usgs.gov,Genderfluid
93,Marlon,Hussell,mhussell2k@economist.com,Female
94,Mercie,Rableau,mrableau2l@unicef.org,Polygender
95,Garland,Newens,gnewens2m@columbia.edu,Bigender
96,Chev,Iannitti,ciannitti2n@auda.org.au,Genderfluid
97,Amelie,Nott,anott2o@nytimes.com,Genderfluid
98,Winslow,Stealfox,wstealfox2p@artisteer.com,Bigender
99,Caye,Rossin,crossin2q@photobucket.com,Female
100,Caril,Pionter,cpionter2r@diigo.com,Male
101,Shirleen,Showler,sshowler2s@amazonaws.com,Agender
102,Yalonda,Saban,ysaban2t@youtube.com,Bigender
103,Gil,Philippon,gphilippon2u@acquirethisname.com,Agender
104,York,Allnatt,yallnatt2v@homestead.com,Female
105,Doug,Crookshanks,dcrookshanks2w@walmart.com,Genderfluid
106,Erhard,Krug,ekrug2x@bbb.org,Female
107,Muffin,Bumfrey,mbumfrey2y@marketwatch.com,Genderfluid
108,Joscelin,Newberry,jnewberry2z@ca.gov,Female
109,Louis,Rentcome,lrentcome30@gravatar.com,Non-binary
110,Flossie,Yanele,fyanele31@bloomberg.com,Polygender
111,Tillie,Dawtrey,tdawtrey32@newsvine.com,Female
112,Gallagher,Burborough,gburborough33@moonfruit.com,Genderqueer
113,Sophie,Izaks,sizaks34@smh.com.au,Female
114,Adey,Demongeot,ademongeot35@whitehouse.gov,Male
115,Orbadiah,Hellin,ohellin36@google.it,Polygender
116,Klement,Jakoubec,kjakoubec37@about.com,Female
117,Crosby,Dytham,cdytham38@businessinsider.com,Agender
118,Rudolf,Baribal,rbaribal39@reuters.com,Female
119,Rickert,Pinke,rpinke3a@army.mil,Agender
120,Domeniga,Laugier,dlaugier3b@sakura.ne.jp,Bigender
121,Ruggiero,McDowall,rmcdowall3c@wunderground.com,Genderfluid
122,Sawyere,Sinnett,ssinnett3d@so-net.ne.jp,Polygender
123,Abigail,Keddy,akeddy3e@skype.com,Male
124,Georgie,Fauning,gfauning3f@mediafire.com,Genderfluid
125,Vassili,Phelp,vphelp3g@myspace.com,Genderqueer
126,Valera,Mattosoff,vmattosoff3h@oakley.com,Genderfluid
127,Bobbi,Towll,btowll3i@jigsy.com,Genderfluid
128,Lyndsey,Pammenter,lpammenter3j@wordpress.org,Bigender
129,Jorgan,Howles,jhowles3k@cmu.edu,Non-binary
130,Katha,Spurling,kspurling3l@ameblo.jp,Female
131,Antonin,McPhail,amcphail3m@oracle.com,Non-binary
132,Natasha,Blackshaw,nblackshaw3n@cam.ac.uk,Agender
133,Margarette,Lillford,mlillford3o@paypal.com,Genderqueer
134,Felicdad,Miner,fminer3p@deviantart.com,Female
135,Rhoda,Verne,rverne3q@symantec.com,Polygender
136,Belvia,Sullly,bsullly3r@slideshare.net,Non-binary
137,Gard,Elsay,gelsay3s@macromedia.com,Polygender
138,Bridie,Sline,bsline3t@woothemes.com,Female
139,Douglas,Denson,ddenson3u@imageshack.us,Male
140,Mab,Klimashevich,mklimashevich3v@mit.edu,Non-binary
141,Kendal,Urpeth,kurpeth3w@ft.com,Genderqueer
142,Bertie,Janning,bjanning3x@earthlink.net,Genderfluid
143,Jacquie,Ellwand,jellwand3y@slideshare.net,Genderfluid
144,Dianna,Goodey,dgoodey3z@a8.net,Genderfluid
145,Moe,O'Fihily,mofihily40@youku.com,Genderfluid
146,Ingeborg,Waterstone,iwaterstone41@alexa.com,Female
147,Jacinthe,Leere,jleere42@wp.com,Polygender
148,Brody,Matten,bmatten43@marriott.com,Female
149,Kaye,Egdale,kegdale44@pbs.org,Genderqueer
150,Bernadene,Vallow,bvallow45@oakley.com,Agender
151,Mandel,Gilmore,mgilmore46@archive.org,Bigender
152,Annadiane,Soldi,asoldi47@cisco.com,Bigender
153,Devy,Hedworth,dhedworth48@woothemes.com,Non-binary
154,Ewart,Sowley,esowley49@ucsd.edu,Polygender
155,Goldy,Chalmers,gchalmers4a@flavors.me,Non-binary
156,Hasty,Pitkins,hpitkins4b@cnn.com,Genderfluid
157,Sheridan,Scoyne,sscoyne4c@google.es,Bigender
158,Sigvard,Yarrington,syarrington4d@weibo.com,Agender
159,Amelina,Malling,amalling4e@imgur.com,Polygender
160,Husein,Pilsbury,hpilsbury4f@hud.gov,Female
161,Jobi,Luetkemeyers,jluetkemeyers4g@geocities.jp,Polygender
162,Ivett,Mullis,imullis4h@tmall.com,Genderqueer
163,Fidelity,Siret,fsiret4i@wiley.com,Male
164,Melamie,Antrobus,mantrobus4j@com.com,Polygender
165,Asa,Bartrum,abartrum4k@senate.gov,Genderqueer
166,Emmanuel,Funcheon,efuncheon4l@wordpress.com,Non-binary
167,Genovera,Writer,gwriter4m@feedburner.com,Polygender
168,Bondy,Burris,bburris4n@arstechnica.com,Genderqueer
169,Udall,Mulligan,umulligan4o@theglobeandmail.com,Genderfluid
170,Charita,Capon,ccapon4p@bigcartel.com,Polygender
171,Brunhilde,Russilll,brussilll4q@loc.gov,Genderqueer
172,Mollie,Ragles,mragles4r@wikipedia.org,Genderqueer
173,Emmalee,Gloy,egloy4s@tmall.com,Genderqueer
174,Oona,Hurler,ohurler4t@yellowbook.com,Genderfluid
175,Rubin,Hallawell,rhallawell4u@ed.gov,Bigender
176,Shannan,Mincini,smincini4v@theguardian.com,Non-binary
177,Filippa,Mitskevich,fmitskevich4w@bbb.org,Polygender
178,Sholom,Kobel,skobel4x@1und1.de,Genderqueer
179,Esmaria,Moffat,emoffat4y@drupal.org,Female
180,Susann,Lowdyane,slowdyane4z@qq.com,Non-binary
181,Kriste,Chapman,kchapman50@addthis.com,Bigender
182,Gare,Gipson,ggipson51@gov.uk,Non-binary
183,Dagny,Iglesiaz,diglesiaz52@addthis.com,Female
184,Keith,Crabtree,kcrabtree53@yolasite.com,Bigender
185,Cornell,Catcherside,ccatcherside54@samsung.com,Genderqueer
186,Matthus,Kitcherside,mkitcherside55@wsj.com,Genderfluid
187,Cordelie,Baudrey,cbaudrey56@wufoo.com,Agender
188,Deerdre,Beslier,dbeslier57@businessinsider.com,Genderfluid
189,Fernandina,Flynn,fflynn58@mediafire.com,Genderqueer
190,Daphne,Heardman,dheardman59@dropbox.com,Bigender
191,Alvan,Skase,askase5a@barnesandnoble.com,Female
192,Simone,Buffham,sbuffham5b@i2i.jp,Genderqueer
193,Abbie,Barrowclough,abarrowclough5c@ca.gov,Bigender
194,Monique,Eichmann,meichmann5d@washingtonpost.com,Bigender
195,Irwin,Provis,iprovis5e@moonfruit.com,Genderfluid
196,Wini,Korf,wkorf5f@plala.or.jp,Female
197,Kermy,Memmory,kmemmory5g@ning.com,Genderfluid
198,Jourdain,Noorwood,jnoorwood5h@princeton.edu,Genderqueer
199,Netti,Orman,norman5i@discuz.net,Agender
200,Erna,Laterza,elaterza5j@ucoz.ru,Polygender
201,Rahel,Chatten,rchatten5k@i2i.jp,Genderfluid
202,Cayla,Orthmann,corthmann5l@mac.com,Agender
203,Madeleine,Blaschke,mblaschke5m@goo.gl,Female
204,Nowell,McIlwraith,nmcilwraith5n@noaa.gov,Genderfluid
205,Roldan,Pearne,rpearne5o@jigsy.com,Non-binary
206,Gaby,Trask,gtrask5p@geocities.jp,Genderfluid
207,Alfy,Quenell,aquenell5q@wikia.com,Agender
208,Charin,Martijn,cmartijn5r@nps.gov,Female
209,Dorthy,Bisley,dbisley5s@kickstarter.com,Bigender
210,Mellicent,MacDuff,mmacduff5t@dagondesign.com,Genderfluid
211,Francisco,Conrath,fconrath5u@blogtalkradio.com,Male
212,Dorita,Dimelow,ddimelow5v@people.com.cn,Genderfluid
213,Vin,Vaggs,vvaggs5w@wix.com,Genderqueer
214,Karee,Arnason,karnason5x@squarespace.com,Genderfluid
215,Shaylyn,Nutton,snutton5y@yandex.ru,Male
216,Latisha,Bungey,lbungey5z@lycos.com,Polygender
217,Horst,Pountain,hpountain60@engadget.com,Polygender
218,Afton,Inold,ainold61@wix.com,Agender
219,Merle,Laffling,mlaffling62@google.cn,Male
220,Silvan,Ahmad,sahmad63@themeforest.net,Agender
221,Marchelle,Ulyat,mulyat64@blogger.com,Agender
222,Lilian,Mandre,lmandre65@soundcloud.com,Polygender
223,Alla,Grunder,agrunder66@smh.com.au,Polygender
224,Stanwood,Grumley,sgrumley67@squidoo.com,Polygender
225,Onida,Kinnane,okinnane68@harvard.edu,Non-binary
226,Adrea,Wakenshaw,awakenshaw69@diigo.com,Female
227,Hansiain,Lawerence,hlawerence6a@admin.ch,Male
228,Spenser,Devons,sdevons6b@marketwatch.com,Male
229,Alex,Dauney,adauney6c@prnewswire.com,Female
230,Kenneth,Kamenar,kkamenar6d@army.mil,Non-binary
231,Heddie,Hansell,hhansell6e@businessinsider.com,Non-binary
232,Aile,Laurenceau,alaurenceau6f@issuu.com,Agender
233,Selle,Gilliam,sgilliam6g@discuz.net,Non-binary
234,Libbie,Beverage,lbeverage6h@google.co.jp,Non-binary
235,Lotty,Claussen,lclaussen6i@macromedia.com,Agender
236,Barron,Crosfield,bcrosfield6j@narod.ru,Female
237,Franciskus,Greim,fgreim6k@cyberchimps.com,Female
238,Royal,Sey,rsey6l@bloglines.com,Agender
239,Heath,Canton,hcanton6m@cyberchimps.com,Genderqueer
240,Emmaline,Falconar,efalconar6n@icq.com,Agender
241,Braden,Eastbrook,beastbrook6o@go.com,Agender
242,Florinda,Constantine,fconstantine6p@squidoo.com,Non-binary
243,Normand,Kinneally,nkinneally6q@weibo.com,Female
244,Reggi,Sevitt,rsevitt6r@yandex.ru,Male
245,Britt,Corr,bcorr6s@bravesites.com,Male
246,Elissa,Quinet,equinet6t@unc.edu,Male
247,Gay,Deveral,gdeveral6u@tuttocitta.it,Non-binary
248,Shea,Shelley,sshelley6v@pen.io,Polygender
249,Devora,Ceaser,dceaser6w@guardian.co.uk,Female
250,Nikaniki,Atherton,natherton6x@aol.com,Bigender
251,Dreddy,Casier,dcasier6y@alibaba.com,Agender
252,Marney,McSporon,mmcsporon6z@netvibes.com,Agender
253,Jacobo,Aloshkin,jaloshkin70@archive.org,Genderfluid
254,Selena,Beavan,sbeavan71@yahoo.com,Female
255,Josselyn,Pleager,jpleager72@reuters.com,Bigender
256,Ezmeralda,Raun,eraun73@loc.gov,Male
257,Kliment,Vannet,kvannet74@epa.gov,Polygender
258,Alberto,Creane,acreane75@amazon.co.uk,Female
259,Colline,McAulay,cmcaulay76@slate.com,Bigender
260,Charlton,Goble,cgoble77@youtu.be,Genderfluid
261,Ferrell,Carbry,fcarbry78@foxnews.com,Agender
262,Brett,Seacombe,bseacombe79@quantcast.com,Female
263,Cathy,Matley,cmatley7a@kickstarter.com,Genderqueer
264,Hermann,Le feuvre,hlefeuvre7b@bluehost.com,Male
265,Ettore,Hourigan,ehourigan7c@si.edu,Genderfluid
266,Betta,Sell,bsell7d@nifty.com,Bigender
267,Abraham,Ewenson,aewenson7e@ibm.com,Bigender
268,Augustine,Rolls,arolls7f@privacy.gov.au,Non-binary
269,Linzy,Rainford,lrainford7g@marriott.com,Male
270,Sorcha,Coye,scoye7h@acquirethisname.com,Bigender
271,Morgana,de Chastelain,mdechastelain7i@plala.or.jp,Male
272,Bridgette,McClay,bmcclay7j@virginia.edu,Genderqueer
273,Antonius,Leftly,aleftly7k@cisco.com,Bigender
274,Bernardine,Anderton,banderton7l@exblog.jp,Bigender
275,Padgett,Bannerman,pbannerman7m@about.com,Agender
276,Cole,Hymers,chymers7n@godaddy.com,Genderqueer
277,Binky,Arnowicz,barnowicz7o@nifty.com,Agender
278,Zulema,Renne,zrenne7p@domainmarket.com,Polygender
279,Jilly,Benneton,jbenneton7q@php.net,Genderqueer
280,Dareen,Bottomer,dbottomer7r@ehow.com,Bigender
281,Addie,Giacomuzzi,agiacomuzzi7s@cafepress.com,Male
282,Charissa,Skone,cskone7t@scribd.com,Agender
283,Edsel,Cricket,ecricket7u@admin.ch,Genderqueer
284,Hallsy,Trigwell,htrigwell7v@npr.org,Polygender
285,Stanton,Shakshaft,sshakshaft7w@cnn.com,Genderfluid
286,Lorain,Bewlay,lbewlay7x@twitter.com,Male
287,Catlaina,Blade,cblade7y@weibo.com,Polygender
288,Gavan,Surguine,gsurguine7z@vimeo.com,Genderqueer
289,Sybille,Minty,sminty80@tuttocitta.it,Genderfluid
290,Reinaldos,Heinert,rheinert81@phoca.cz,Agender
291,Kylie,Klouz,kklouz82@comsenz.com,Female
292,Port,De Gowe,pdegowe83@ustream.tv,Polygender
293,Maddy,Shimmin,mshimmin84@google.com.au,Bigender
294,Dreddy,Honeywood,dhoneywood85@cpanel.net,Agender
295,Brianne,Semper,bsemper86@histats.com,Bigender
296,Berthe,Rothery,brothery87@g.co,Genderqueer
297,Trescha,Maha,tmaha88@statcounter.com,Agender
298,Aguie,Claxson,aclaxson89@cocolog-nifty.com,Agender
299,Charlean,Lates,clates8a@linkedin.com,Male
300,Genovera,Leivesley,gleivesley8b@salon.com,Genderqueer
301,Leigh,Pinor,lpinor8c@amazon.co.jp,Male
302,Clovis,Jagg,cjagg8d@gmpg.org,Agender
303,Jacquenetta,Droghan,jdroghan8e@wordpress.com,Polygender
304,Nerissa,Saffer,nsaffer8f@delicious.com,Male
305,Brooke,Semark,bsemark8g@nytimes.com,Agender
306,Amity,Nijs,anijs8h@gravatar.com,Agender
307,Cindie,Dillon,cdillon8i@upenn.edu,Polygender
308,Lurleen,Barday,lbarday8j@census.gov,Genderfluid
309,Ola,Burnel,oburnel8k@netvibes.com,Non-binary
310,Taylor,Schall,tschall8l@xing.com,Bigender
311,Magda,Coltherd,mcoltherd8m@youtube.com,Agender
312,Rosalia,Carne,rcarne8n@booking.com,Genderqueer
313,Leonie,Kilminster,lkilminster8o@unc.edu,Bigender
314,Donielle,Rowlinson,drowlinson8p@360.cn,Non-binary
315,Shoshana,Yakubowicz,syakubowicz8q@springer.com,Agender
316,Quintina,Combes,qcombes8r@barnesandnoble.com,Polygender
317,Randal,Syms,rsyms8s@cafepress.com,Bigender
318,Earle,Girardengo,egirardengo8t@cdc.gov,Female
319,Sylas,Crowthe,scrowthe8u@epa.gov,Genderfluid
320,Xenos,Brun,xbrun8v@ucoz.ru,Polygender
321,Genovera,Wagge,gwagge8w@disqus.com,Non-binary
322,Jenna,Oman,joman8x@uol.com.br,Male
323,Tadio,Filippyev,tfilippyev8y@ucsd.edu,Bigender
324,Dorree,Tucknutt,dtucknutt8z@e-recht24.de,Bigender
325,Lola,Moland,lmoland90@chron.com,Polygender
326,Alison,Headrick,aheadrick91@foxnews.com,Polygender
327,Cordelie,Lathan,clathan92@homestead.com,Genderfluid
328,Sandye,Borlease,sborlease93@netlog.com,Bigender
329,Godwin,Nilges,gnilges94@yellowbook.com,Bigender
330,Brendan,Gorger,bgorger95@hugedomains.com,Non-binary
331,Kit,Mitkcov,kmitkcov96@wiley.com,Genderfluid
332,Virgie,Cattermole,vcattermole97@yandex.ru,Female
333,Hugo,Kench,hkench98@cocolog-nifty.com,Agender
334,Anallese,Wattins,awattins99@list-manage.com,Bigender
335,Blondie,Slimm,bslimm9a@springer.com,Genderqueer
336,Kennett,Boydon,kboydon9b@t-online.de,Genderfluid
337,Shawn,Grigs,sgrigs9c@cdc.gov,Female
338,Minetta,Aberkirder,maberkirder9d@home.pl,Polygender
339,Darrel,MacEllen,dmacellen9e@geocities.jp,Polygender
340,Wini,Caistor,wcaistor9f@last.fm,Genderqueer
341,Erastus,Yandle,eyandle9g@deviantart.com,Genderfluid
342,Lisbeth,Flowith,lflowith9h@vinaora.com,Genderfluid
343,Dianemarie,Cable,dcable9i@slideshare.net,Agender
344,Emmit,Leacock,eleacock9j@themeforest.net,Agender
345,Dory,Calverd,dcalverd9k@pagesperso-orange.fr,Polygender
346,Skipton,Vanyakin,svanyakin9l@discuz.net,Female
347,Nyssa,Meatcher,nmeatcher9m@163.com,Genderqueer
348,Claus,Stanlack,cstanlack9n@usa.gov,Agender
349,Elspeth,Kettlestringe,ekettlestringe9o@theguardian.com,Polygender
350,Shirley,Stapforth,sstapforth9p@jigsy.com,Non-binary
351,Dennie,Naile,dnaile9q@fotki.com,Genderqueer
352,Elmo,Muston,emuston9r@acquirethisname.com,Agender
353,Melloney,Basindale,mbasindale9s@nhs.uk,Male
354,Lisha,Enric,lenric9t@wix.com,Agender
355,Bunny,Bellwood,bbellwood9u@washington.edu,Male
356,Olvan,Matissoff,omatissoff9v@bizjournals.com,Genderqueer
357,Felice,Hambatch,fhambatch9w@wikia.com,Male
358,Julissa,Fatharly,jfatharly9x@google.fr,Non-binary
359,Sonny,Fyfield,sfyfield9y@simplemachines.org,Male
360,Stafani,Battlestone,sbattlestone9z@sfgate.com,Genderfluid
361,Mirabel,Greeves,mgreevesa0@go.com,Non-binary
362,Carolin,Summersett,csummersetta1@usatoday.com,Female
363,Dom,Huckstepp,dhucksteppa2@creativecommons.org,Male
364,Lisabeth,Lohden,llohdena3@yellowbook.com,Polygender
365,Sherie,Nodes,snodesa4@narod.ru,Agender
366,Rivalee,Kleinbaum,rkleinbauma5@bluehost.com,Agender
367,Lindsay,Lingfoot,llingfoota6@bravesites.com,Bigender
368,Bailey,Symson,bsymsona7@irs.gov,Genderqueer
369,Charlene,Eronie,ceroniea8@google.pl,Female
370,Maxim,Morey,mmoreya9@shinystat.com,Genderfluid
371,Sadye,Gallard,sgallardaa@ca.gov,Non-binary
372,Meredith,Twiname,mtwinameab@umn.edu,Agender
373,Eve,Sagg,esaggac@cnbc.com,Non-binary
374,Tanya,Dutton,tduttonad@census.gov,Female
375,Wilbert,Thundercliffe,wthundercliffeae@cafepress.com,Polygender
376,Winthrop,Hazeldean,whazeldeanaf@360.cn,Female
377,Hurley,Kitman,hkitmanag@shutterfly.com,Genderfluid
378,Miguelita,Blythe,mblytheah@mozilla.org,Male
379,Vivianna,Ceeley,vceeleyai@google.com.br,Genderfluid
380,Nevile,Doward,ndowardaj@mit.edu,Genderfluid
381,Cammy,Gibby,cgibbyak@state.tx.us,Male
382,Deeann,Cluet,dcluetal@ocn.ne.jp,Male
383,Yanaton,Pittel,ypittelam@howstuffworks.com,Bigender
384,Hamilton,Wheatland,hwheatlandan@imdb.com,Genderfluid
385,Koren,Cleverley,kcleverleyao@washington.edu,Polygender
386,Barby,Phippard,bphippardap@toplist.cz,Agender
387,Claus,Matysik,cmatysikaq@craigslist.org,Polygender
388,Melinde,Cozby,mcozbyar@yelp.com,Non-binary
389,Eldon,Allsebrook,eallsebrookas@wikia.com,Polygender
390,Livvyy,Peckham,lpeckhamat@cyberchimps.com,Genderqueer
391,Dione,Dripps,ddrippsau@macromedia.com,Non-binary
392,Horacio,Guirau,hguirauav@tamu.edu,Male
393,Gerda,Riddington,griddingtonaw@sphinn.com,Non-binary
394,Verile,Yashnov,vyashnovax@yellowpages.com,Female
395,Barri,Fey,bfeyay@ask.com,Non-binary
396,Gwennie,Gergher,ggergheraz@newyorker.com,Polygender
397,Gerald,Millis,gmillisb0@meetup.com,Male
398,Blondy,Pinckard,bpinckardb1@wordpress.org,Female
399,Camey,Davidovicz,cdavidoviczb2@hao123.com,Bigender
400,Jobey,Dwire,jdwireb3@plala.or.jp,Non-binary
401,Emyle,Conachy,econachyb4@example.com,Female
402,Janenna,Oscroft,joscroftb5@webnode.com,Genderqueer
403,Gay,Baccus,gbaccusb6@fda.gov,Genderqueer
404,Laryssa,Santen,lsantenb7@mapy.cz,Bigender
405,Junie,Kolakovic,jkolakovicb8@fema.gov,Non-binary
406,Emlyn,Gutierrez,egutierrezb9@pcworld.com,Polygender
407,Guilbert,Dulwitch,gdulwitchba@usatoday.com,Bigender
408,Jarrod,Danielot,jdanielotbb@woothemes.com,Genderqueer
409,Fulton,Cornfoot,fcornfootbc@ihg.com,Male
410,Cornall,Hirche,chirchebd@myspace.com,Female
411,Arda,Gambell,agambellbe@dion.ne.jp,Agender
412,Harmon,Trusty,htrustybf@apple.com,Genderqueer
413,Irwin,Skehan,iskehanbg@mozilla.org,Male
414,Cad,Ramsted,cramstedbh@baidu.com,Male
415,Alf,Liggett,aliggettbi@mozilla.org,Bigender
416,Elyn,Clausen,eclausenbj@wikipedia.org,Non-binary
417,Gertrude,Robertelli,grobertellibk@fotki.com,Genderfluid
418,Jany,Worman,jwormanbl@wisc.edu,Genderfluid
419,Suzanna,Fryett,sfryettbm@sitemeter.com,Genderqueer
420,Annabell,Rosekilly,arosekillybn@prlog.org,Agender
421,Alfonse,Blaase,ablaasebo@sfgate.com,Female
422,Miguela,Commings,mcommingsbp@usnews.com,Polygender
423,Neala,Porteous,nporteousbq@zimbio.com,Polygender
424,Michel,Paulusch,mpauluschbr@si.edu,Polygender
425,Doy,Olliffe,dolliffebs@msu.edu,Polygender
426,Brandy,Postan,bpostanbt@spotify.com,Non-binary
427,Melitta,Hutchence,mhutchencebu@odnoklassniki.ru,Agender
428,Siusan,Lebbern,slebbernbv@cocolog-nifty.com,Genderfluid
429,Theda,Jefferd,tjefferdbw@hhs.gov,Female
430,Charlena,Peasnone,cpeasnonebx@dot.gov,Genderqueer
431,Darcie,Gannaway,dgannawayby@mediafire.com,Agender
432,Bernelle,McGeoch,bmcgeochbz@google.ru,Female
433,Mattie,Tilford,mtilfordc0@jalbum.net,Non-binary
434,Tobiah,Simoneau,tsimoneauc1@sogou.com,Polygender
435,Redford,Gristhwaite,rgristhwaitec2@tripadvisor.com,Male
436,Onida,True,otruec3@pen.io,Non-binary
437,Codie,Guilloux,cguillouxc4@vimeo.com,Polygender
438,Jacky,Jacobsen,jjacobsenc5@kickstarter.com,Polygender
439,Verina,Kubas,vkubasc6@independent.co.uk,Agender
440,Easter,Dixcey,edixceyc7@homestead.com,Genderfluid
441,Callean,Samms,csammsc8@craigslist.org,Male
442,Hyacintha,Trittam,htrittamc9@simplemachines.org,Agender
443,Gusella,Temblett,gtemblettca@xing.com,Bigender
444,Loutitia,Lambdon,llambdoncb@google.co.jp,Genderfluid
445,Libbie,Yell,lyellcc@hao123.com,Bigender
446,Reggie,Cockroft,rcockroftcd@amazonaws.com,Genderqueer
447,Hailee,Yurchishin,hyurchishince@weibo.com,Non-binary
448,Barnebas,Dewire,bdewirecf@oracle.com,Non-binary
449,Malorie,Cressar,mcressarcg@newyorker.com,Polygender
450,Rooney,Mattschas,rmattschasch@un.org,Agender
451,Darrick,Coyle,dcoyleci@t.co,Genderfluid
452,Matthias,Mushawe,mmushawecj@shutterfly.com,Agender
453,Marcel,Pedlar,mpedlarck@vinaora.com,Polygender
454,Morna,Prosh,mproshcl@thetimes.co.uk,Agender
455,Kirstyn,Babidge,kbabidgecm@dailymotion.com,Female
456,Viole,Pybus,vpybuscn@prnewswire.com,Genderfluid
457,Amanda,Croose,acrooseco@google.com.au,Agender
458,Allistir,Baudinelli,abaudinellicp@seesaa.net,Female
459,Kathie,Goricke,kgorickecq@oakley.com,Male
460,Alano,Krammer,akrammercr@un.org,Non-binary
461,Kalila,Gebby,kgebbycs@usgs.gov,Non-binary
462,Kerrie,Wileman,kwilemanct@skype.com,Genderfluid
463,Koren,Dukes,kdukescu@friendfeed.com,Bigender
464,Jsandye,Kleinmintz,jkleinmintzcv@pcworld.com,Female
465,Meredeth,Kinnard,mkinnardcw@ning.com,Bigender
466,Cacilie,Mulvagh,cmulvaghcx@list-manage.com,Genderfluid
467,Amandie,Tocqueville,atocquevillecy@mayoclinic.com,Bigender
468,Fan,Auletta,faulettacz@cam.ac.uk,Genderfluid
469,Carlie,Clemow,cclemowd0@mail.ru,Male
470,Lina,McElhargy,lmcelhargyd1@cafepress.com,Genderfluid
471,Ring,Borth,rborthd2@vistaprint.com,Male
472,Audrey,Kuhlmey,akuhlmeyd3@purevolume.com,Genderqueer
473,Roxy,Kloss,rklossd4@admin.ch,Male
474,Philomena,Thecham,pthechamd5@weather.com,Non-binary
475,Cody,Brailsford,cbrailsfordd6@example.com,Bigender
476,Abagael,Kardos,akardosd7@ebay.com,Genderfluid
477,Abbot,Du Pre,adupred8@tinyurl.com,Polygender
478,Joana,O'Carroll,jocarrolld9@parallels.com,Genderfluid
479,Drucill,Eldrid,deldridda@goodreads.com,Bigender
480,Paulie,Deveraux,pdeverauxdb@mail.ru,Genderfluid
481,Orv,Ege,oegedc@blinklist.com,Agender
482,Yehudit,Poytres,ypoytresdd@aol.com,Male
483,Steffen,McRorie,smcroriede@i2i.jp,Agender
484,Flore,Jamme,fjammedf@dropbox.com,Female
485,Sher,Frankton,sfranktondg@pbs.org,Genderfluid
486,Tonya,Atyea,tatyeadh@weather.com,Female
487,Shell,Balas,sbalasdi@omniture.com,Bigender
488,Albert,Devanny,adevannydj@scribd.com,Genderfluid
489,Susie,Truse,strusedk@geocities.com,Polygender
490,Bronny,Jirsa,bjirsadl@nyu.edu,Agender
491,Ros,Higgoe,rhiggoedm@wix.com,Polygender
492,Stormi,Ivain,sivaindn@creativecommons.org,Female
493,Kevin,Osgar,kosgardo@elpais.com,Bigender
494,Darrell,Southernwood,dsouthernwooddp@hp.com,Non-binary
495,Minna,Seldner,mseldnerdq@bigcartel.com,Male
496,Anet,Shackleford,ashackleforddr@ftc.gov,Male
497,Shannen,Rentenbeck,srentenbeckds@histats.com,Male
498,Vonnie,Bartozzi,vbartozzidt@hibu.com,Polygender
499,Evelyn,Sainteau,esainteaudu@jiathis.com,Female
500,Kennett,Yedy,kyedydv@parallels.com,Male
501,Iormina,Bristowe,ibristowedw@miitbeian.gov.cn,Female
502,Zacharias,Wetheril,zwetherildx@washington.edu,Genderqueer
503,Serge,Letessier,sletessierdy@princeton.edu,Genderfluid
504,Donelle,Brookhouse,dbrookhousedz@geocities.jp,Genderfluid
505,Vivien,Branni,vbrannie0@cargocollective.com,Genderfluid
506,Jillana,Diviney,jdivineye1@gizmodo.com,Female
507,Nichols,Jahncke,njahnckee2@qq.com,Bigender
508,Adelice,Gabe,agabee3@creativecommons.org,Genderqueer
509,Drud,Fortun,dfortune4@chronoengine.com,Genderqueer
510,Welbie,MacQueen,wmacqueene5@tripadvisor.com,Non-binary
511,Devy,Phelip,dphelipe6@newyorker.com,Polygender
512,Berty,Pryke,bprykee7@cbsnews.com,Polygender
513,Bevin,Duffyn,bduffyne8@samsung.com,Bigender
514,Rennie,Strelitz,rstrelitze9@istockphoto.com,Genderqueer
515,Ivie,McDonell,imcdonellea@barnesandnoble.com,Female
516,Tris,Elsop,telsopeb@whitehouse.gov,Male
517,Karisa,Sunner,ksunnerec@loc.gov,Bigender
518,Saunders,Cuxson,scuxsoned@github.io,Genderfluid
519,Wanids,Francecione,wfrancecioneee@eepurl.com,Non-binary
520,Shae,Kirke,skirkeef@newyorker.com,Female
521,Ossie,Penhearow,openhearoweg@ted.com,Non-binary
522,Lanna,Runnicles,lrunnicleseh@phoca.cz,Non-binary
523,Gaylor,Goslin,ggoslinei@nih.gov,Agender
524,Alfi,Ennew,aennewej@loc.gov,Genderfluid
525,Tobi,Paschek,tpaschekek@sourceforge.net,Genderqueer
526,Mirna,Daens,mdaensel@census.gov,Female
527,Luke,Gilmore,lgilmoreem@bloglines.com,Polygender
528,Ludvig,East,leasten@1688.com,Non-binary
529,Corny,Pancast,cpancasteo@columbia.edu,Agender
530,Sandye,Gaskoin,sgaskoinep@google.de,Genderqueer
531,Gery,Mecozzi,gmecozzieq@discovery.com,Polygender
532,Langsdon,Blewitt,lblewitter@whitehouse.gov,Genderfluid
533,Em,Romme,erommees@unblog.fr,Bigender
534,Inger,Wreak,iwreaket@cafepress.com,Male
535,Francklyn,Deely,fdeelyeu@etsy.com,Agender
536,Iago,Emmert,iemmertev@narod.ru,Non-binary
537,Nessi,McKeighen,nmckeighenew@aboutads.info,Genderfluid
538,Cletus,Lavelle,clavelleex@paypal.com,Female
539,Amabelle,Acreman,aacremaney@theglobeandmail.com,Non-binary
540,Martynne,De Domenico,mdedomenicoez@skype.com,Female
541,Amelia,Thomesson,athomessonf0@cmu.edu,Genderfluid
542,Gerri,Gulvin,ggulvinf1@nyu.edu,Genderqueer
543,Stormy,Jiricka,sjirickaf2@amazon.co.uk,Genderqueer
544,Farand,Colleran,fcolleranf3@alibaba.com,Male
545,Cornela,Toolan,ctoolanf4@networkadvertising.org,Male
546,Torrence,Brusle,tbruslef5@vimeo.com,Male
547,Anatola,Parades,aparadesf6@umich.edu,Genderqueer
548,Marlon,Gozzard,mgozzardf7@constantcontact.com,Agender
549,Saunder,Watting,swattingf8@tumblr.com,Male
550,Normie,Abrahamowitcz,nabrahamowitczf9@cisco.com,Genderqueer
551,Margarethe,Coche,mcochefa@foxnews.com,Non-binary
552,Aimee,Connolly,aconnollyfb@comcast.net,Bigender
553,Kania,Sewley,ksewleyfc@tamu.edu,Female
554,Yolande,MacLleese,ymaclleesefd@amazonaws.com,Polygender
555,Weider,Castlake,wcastlakefe@wp.com,Polygender
556,Penni,MacCallister,pmaccallisterff@shop-pro.jp,Genderfluid
557,Sidonia,O'Doran,sodoranfg@blog.com,Female
558,Eveline,Mahy,emahyfh@columbia.edu,Male
559,Lyda,Trelease,ltreleasefi@facebook.com,Polygender
560,Bertie,Beynon,bbeynonfj@rediff.com,Male
561,Rosanna,Toke,rtokefk@elegantthemes.com,Male
562,Gran,Sail,gsailfl@independent.co.uk,Agender
563,Kevyn,Well,kwellfm@uiuc.edu,Polygender
564,Erie,O'Lunny,eolunnyfn@tinypic.com,Non-binary
565,Barrie,Po,bpofo@oaic.gov.au,Male
566,Maddi,Shivlin,mshivlinfp@wordpress.org,Polygender
567,Reider,Colqueran,rcolqueranfq@bbb.org,Agender
568,Beverlie,Sieghard,bsieghardfr@ovh.net,Male
569,Carter,Catenot,ccatenotfs@instagram.com,Genderfluid
570,Lethia,Dochon,ldochonft@t-online.de,Agender
571,Muriel,Charpin,mcharpinfu@list-manage.com,Non-binary
572,Colby,Warrilow,cwarrilowfv@psu.edu,Male
573,Fitzgerald,Mansuer,fmansuerfw@histats.com,Non-binary
574,Shaughn,Gonsalvo,sgonsalvofx@si.edu,Genderfluid
575,Marley,O'Mannion,momannionfy@google.com.br,Agender
576,Mureil,Bulmer,mbulmerfz@craigslist.org,Male
577,Sonny,Styles,sstylesg0@storify.com,Agender
578,Frederica,Borgesio,fborgesiog1@opensource.org,Genderfluid
579,Gianina,Mamwell,gmamwellg2@a8.net,Male
580,Ravid,Goodwin,rgoodwing3@walmart.com,Agender
581,Nicole,Devall,ndevallg4@auda.org.au,Bigender
582,Glenda,Aspall,gaspallg5@etsy.com,Bigender
583,Ahmad,Kendall,akendallg6@huffingtonpost.com,Bigender
584,Lewie,Gergus,lgergusg7@mapy.cz,Male
585,Cathryn,Truckell,ctruckellg8@netscape.com,Male
586,Roanne,Sellner,rsellnerg9@cbslocal.com,Genderqueer
587,Cathlene,Syrie,csyriega@hud.gov,Non-binary
588,Kirbie,Soppett,ksoppettgb@privacy.gov.au,Genderqueer
589,Jefferey,Wenn,jwenngc@deliciousdays.com,Male
590,Parker,Boughton,pboughtongd@netvibes.com,Bigender
591,Pinchas,Jenks,pjenksge@goodreads.com,Genderqueer
592,Genevra,Temlett,gtemlettgf@sun.com,Male
593,Mavis,Sabathier,msabathiergg@webnode.com,Male
594,Arabela,Ebbing,aebbinggh@sciencedaily.com,Female
595,Othilie,Chaudron,ochaudrongi@dropbox.com,Bigender
596,Angelia,Maddicks,amaddicksgj@guardian.co.uk,Non-binary
597,Danny,Mattiello,dmattiellogk@wordpress.org,Non-binary
598,Brietta,Greeves,bgreevesgl@artisteer.com,Female
599,Sapphira,Belvin,sbelvingm@printfriendly.com,Male
600,Conrade,Hargroves,chargrovesgn@mysql.com,Non-binary
601,Jyoti,Ackers,jackersgo@flickr.com,Non-binary
602,Betsy,Hailey,bhaileygp@aol.com,Polygender
603,Melanie,Whimper,mwhimpergq@smugmug.com,Genderfluid
604,Rae,Berth,rberthgr@howstuffworks.com,Polygender
605,Vachel,Tamas,vtamasgs@yahoo.co.jp,Female
606,Johnette,Giorgini,jgiorginigt@discovery.com,Polygender
607,Gus,Aizik,gaizikgu@blogtalkradio.com,Polygender
608,Angelico,Eate,aeategv@tumblr.com,Genderfluid
609,Elijah,Hutcheons,ehutcheonsgw@oracle.com,Genderfluid
610,Sonny,Rutherfoord,srutherfoordgx@slate.com,Polygender
611,Danyelle,Tremmil,dtremmilgy@wix.com,Bigender
612,Kermit,Lerwill,klerwillgz@unblog.fr,Female
613,Hayden,Byway,hbywayh0@infoseek.co.jp,Bigender
614,Kalli,Laxtonne,klaxtonneh1@xing.com,Polygender
615,Bobbye,Openshaw,bopenshawh2@europa.eu,Polygender
616,Eyde,Syrett,esyretth3@joomla.org,Genderfluid
617,Karel,Zielinski,kzielinskih4@samsung.com,Non-binary
618,Rudiger,Makiver,rmakiverh5@photobucket.com,Agender
619,Grata,Lafrentz,glafrentzh6@domainmarket.com,Female
620,Ina,Esland,ieslandh7@canalblog.com,Bigender
621,Leoline,Kerwick,lkerwickh8@printfriendly.com,Bigender
622,Sunshine,Spat,sspath9@dot.gov,Non-binary
623,Rainer,Tookill,rtookillha@list-manage.com,Bigender
624,Cliff,Rivitt,crivitthb@about.me,Bigender
625,Terri,Letten,tlettenhc@list-manage.com,Non-binary
626,Gilberta,Izakson,gizaksonhd@youtu.be,Polygender
627,Tore,Wakeman,twakemanhe@bloglines.com,Polygender
628,Ezra,Lawlance,elawlancehf@who.int,Non-binary
629,Tanner,Cumine,tcuminehg@fotki.com,Non-binary
630,Terrye,Syncke,tsynckehh@blinklist.com,Agender
631,Chip,Creamen,ccreamenhi@salon.com,Female
632,Lonnard,Strase,lstrasehj@mit.edu,Polygender
633,Alanah,Marnane,amarnanehk@seesaa.net,Non-binary
634,Alane,Geleman,agelemanhl@last.fm,Male
635,Sianna,Ramlot,sramlothm@foxnews.com,Female
636,Dennie,Geggus,dgeggushn@webeden.co.uk,Bigender
637,Andrey,Shovlar,ashovlarho@usa.gov,Agender
638,Clement,Elflain,celflainhp@about.me,Genderfluid
639,Robinett,Donoher,rdonoherhq@cargocollective.com,Female
640,Gilburt,Brideoke,gbrideokehr@myspace.com,Female
641,Celka,Humby,chumbyhs@github.io,Bigender
642,Freddy,Di Giacomo,fdigiacomoht@samsung.com,Polygender
643,Mareah,Maciunas,mmaciunashu@netlog.com,Non-binary
644,Frederico,Cattemull,fcattemullhv@live.com,Agender
645,Maurise,Kipping,mkippinghw@auda.org.au,Male
646,Jaye,Skill,jskillhx@google.com.hk,Non-binary
647,Toddie,McLagain,tmclagainhy@friendfeed.com,Bigender
648,Barri,St Ledger,bstledgerhz@unc.edu,Genderfluid
649,Sigismondo,Colbrun,scolbruni0@twitpic.com,Genderqueer
650,Gaultiero,Kennford,gkennfordi1@nymag.com,Genderfluid
651,Averil,Vivian,aviviani2@usnews.com,Polygender
652,Nelli,Balassa,nbalassai3@drupal.org,Bigender
653,Christoffer,Tootal,ctootali4@disqus.com,Female
654,Tyne,Edgson,tedgsoni5@discovery.com,Genderfluid
655,Vania,Ivan,vivani6@elegantthemes.com,Polygender
656,Kitty,Vezey,kvezeyi7@exblog.jp,Male
657,Kevon,Wynter,kwynteri8@qq.com,Agender
658,Renaud,Morfett,rmorfetti9@google.com.br,Genderqueer
659,Nigel,Rosenzveig,nrosenzveigia@usa.gov,Non-binary
660,Oates,Behan,obehanib@loc.gov,Bigender
661,Virgilio,Broszkiewicz,vbroszkiewiczic@jigsy.com,Bigender
662,Sutton,Russ,srussid@cnbc.com,Genderfluid
663,Forest,Sheekey,fsheekeyie@hc360.com,Female
664,Annette,Blazic,ablazicif@ucla.edu,Genderfluid
665,Russell,Firidolfi,rfiridolfiig@rambler.ru,Genderfluid
666,Auria,Mogg,amoggih@ucsd.edu,Genderfluid
667,Keslie,Hattoe,khattoeii@huffingtonpost.com,Genderqueer
668,Erina,Litherborough,elitherboroughij@delicious.com,Polygender
669,Cordelie,Hawker,chawkerik@narod.ru,Genderqueer
670,Morganne,Blincowe,mblincoweil@a8.net,Genderfluid
671,Mariana,Kliner,mklinerim@phpbb.com,Female
672,Barclay,Ryburn,bryburnin@canalblog.com,Male
673,Corrianne,Vivyan,cvivyanio@yahoo.com,Bigender
674,Kerianne,Drowsfield,kdrowsfieldip@bloomberg.com,Female
675,Sonya,Roll,srolliq@edublogs.org,Non-binary
676,Kariotta,Habbal,khabbalir@mapy.cz,Agender
677,Iggie,Skidmore,iskidmoreis@hostgator.com,Male
678,Ancell,O'Doherty,aodohertyit@meetup.com,Genderqueer
679,Kellsie,Mercey,kmerceyiu@scribd.com,Polygender
680,Britteny,Pressey,bpresseyiv@123-reg.co.uk,Male
681,Willis,Bugg,wbuggiw@nydailynews.com,Bigender
682,Sasha,Lummus,slummusix@google.co.uk,Genderfluid
683,Bobby,Bockings,bbockingsiy@flickr.com,Male
684,Phillip,Shaw,pshawiz@google.com.hk,Genderfluid
685,Milton,Denecamp,mdenecampj0@infoseek.co.jp,Agender
686,Ruttger,Brenneke,rbrennekej1@paypal.com,Female
687,Murdock,Sartin,msartinj2@ask.com,Bigender
688,Crin,Tott,ctottj3@nbcnews.com,Genderqueer
689,Martino,MacCafferty,mmaccaffertyj4@webeden.co.uk,Non-binary
690,Thia,Hasely,thaselyj5@vk.com,Genderqueer
691,Armando,Vasilov,avasilovj6@jimdo.com,Genderfluid
692,Debbie,Dansey,ddanseyj7@wired.com,Agender
693,Sela,Boldry,sboldryj8@shutterfly.com,Genderqueer
694,Cale,Climson,cclimsonj9@nifty.com,Genderqueer
695,Tersina,Bramall,tbramallja@hc360.com,Genderfluid
696,Hannie,Peebles,hpeeblesjb@telegraph.co.uk,Male
697,Bennie,Winyard,bwinyardjc@who.int,Genderfluid
698,Krysta,Wederell,kwederelljd@typepad.com,Genderfluid
699,Kala,Barukh,kbarukhje@ucla.edu,Polygender
700,Lindie,Tiffin,ltiffinjf@slate.com,Non-binary
701,Caz,Rieger,criegerjg@yahoo.co.jp,Genderfluid
702,Brannon,Lewton,blewtonjh@creativecommons.org,Agender
703,Mark,Hawken,mhawkenji@twitpic.com,Genderqueer
704,Jemima,Assel,jasseljj@tinypic.com,Genderqueer
705,Kendall,McEvilly,kmcevillyjk@google.com.au,Female
706,Mariquilla,Moreby,mmorebyjl@blogtalkradio.com,Agender
707,Otho,Masdin,omasdinjm@sohu.com,Male
708,Birk,Sockell,bsockelljn@elpais.com,Male
709,Ava,MacGiolla Pheadair,amacgiollapheadairjo@marketwatch.com,Genderfluid
710,Davon,Cadge,dcadgejp@huffingtonpost.com,Polygender
711,Gideon,Heard,gheardjq@umn.edu,Bigender
712,Nathanael,Sheaber,nsheaberjr@github.io,Male
713,Kaiser,Filippone,kfilipponejs@usa.gov,Agender
714,Joelle,Espinazo,jespinazojt@yellowbook.com,Non-binary
715,Dave,Calwell,dcalwellju@naver.com,Female
716,Jeddy,Dansey,jdanseyjv@i2i.jp,Female
717,Gal,Whistlecroft,gwhistlecroftjw@google.com,Bigender
718,Collette,O'Sheilds,cosheildsjx@lycos.com,Genderqueer
719,Raeann,Ortner,rortnerjy@foxnews.com,Female
720,Barnabas,Haggus,bhaggusjz@yahoo.co.jp,Male
721,Amalea,Morefield,amorefieldk0@ibm.com,Non-binary
722,Rae,Ganter,rganterk1@bbc.co.uk,Polygender
723,Clarissa,Almeida,calmeidak2@hc360.com,Genderqueer
724,Skipp,Hughland,shughlandk3@miibeian.gov.cn,Polygender
725,Kial,Neely,kneelyk4@bigcartel.com,Bigender
726,Cyrus,Withrington,cwithringtonk5@squidoo.com,Male
727,Cale,Paladini,cpaladinik6@purevolume.com,Genderfluid
728,Auria,Creegan,acreegank7@ted.com,Female
729,Danya,Paice,dpaicek8@sciencedirect.com,Non-binary
730,Addy,Stoven,astovenk9@google.nl,Bigender
731,Aliza,Labuschagne,alabuschagneka@house.gov,Genderqueer
732,Carey,Rablan,crablankb@chron.com,Genderqueer
733,Doralynn,Rowter,drowterkc@geocities.com,Female
734,Sherm,Jaslem,sjaslemkd@free.fr,Genderfluid
735,Rosabel,Dencs,rdencske@columbia.edu,Agender
736,Cherry,Caig,ccaigkf@rediff.com,Non-binary
737,Pepe,Ryson,prysonkg@xrea.com,Genderfluid
738,Adelina,Cheverell,acheverellkh@economist.com,Genderqueer
739,Dougy,Gillson,dgillsonki@tripod.com,Polygender
740,Neron,Faint,nfaintkj@furl.net,Female
741,Ramona,Baseke,rbasekekk@clickbank.net,Polygender
742,Eugen,Lince,elincekl@gov.uk,Non-binary
743,Vergil,Stockow,vstockowkm@dion.ne.jp,Female
744,Lilia,Searby,lsearbykn@nytimes.com,Genderfluid
745,Garrek,Biggerdike,gbiggerdikeko@rambler.ru,Agender
746,Edan,Botha,ebothakp@google.ru,Female
747,Bennett,Elles,belleskq@github.io,Male
748,Selene,Defond,sdefondkr@indiegogo.com,Polygender
749,Trixi,Rapinett,trapinettks@globo.com,Female
750,Myrtice,Skingle,mskinglekt@blinklist.com,Male
751,Jeanie,Boome,jboomeku@seattletimes.com,Polygender
752,Roz,Scopyn,rscopynkv@xrea.com,Agender
753,Constantino,Wilshaw,cwilshawkw@prnewswire.com,Genderqueer
754,Lynnet,Galletley,lgalletleykx@reference.com,Bigender
755,Blondelle,Pionter,bpionterky@sina.com.cn,Agender
756,Devora,Threlkeld,dthrelkeldkz@posterous.com,Male
757,Siana,Suett,ssuettl0@pen.io,Non-binary
758,Nady,Kira,nkiral1@bizjournals.com,Polygender
759,Elijah,Swindles,eswindlesl2@weather.com,Female
760,Alexandra,Inett,ainettl3@artisteer.com,Bigender
761,Ferguson,Lagne,flagnel4@aboutads.info,Genderqueer
762,Dee,Buttfield,dbuttfieldl5@lulu.com,Genderqueer
763,Chaddie,Stanners,cstannersl6@indiegogo.com,Non-binary
764,Meridel,Brasseur,mbrasseurl7@ted.com,Female
765,Robb,Brooking,rbrookingl8@mit.edu,Non-binary
766,Alvina,Pullinger,apullingerl9@huffingtonpost.com,Genderfluid
767,Jobie,Bosden,jbosdenla@themeforest.net,Non-binary
768,Valma,Rhodef,vrhodeflb@tinypic.com,Polygender
769,Wayne,Skepper,wskepperlc@who.int,Polygender
770,Rance,Illidge,rillidgeld@e-recht24.de,Genderfluid
771,Yale,Hawsby,yhawsbyle@amazon.com,Polygender
772,Adolf,Baumaier,abaumaierlf@163.com,Genderfluid
773,Leola,Stive,lstivelg@cbsnews.com,Non-binary
774,Gusti,Bax,gbaxlh@spotify.com,Female
775,Cora,Dabnot,cdabnotli@fc2.com,Genderfluid
776,Gauthier,Coupland,gcouplandlj@webmd.com,Agender
777,Renault,Streight,rstreightlk@sphinn.com,Bigender
778,Shauna,Patterfield,spatterfieldll@wufoo.com,Non-binary
779,Horatio,Lenoir,hlenoirlm@icq.com,Male
780,Ryann,Gilmartin,rgilmartinln@skype.com,Genderqueer
781,Carolyne,Voysey,cvoyseylo@studiopress.com,Genderqueer
782,Ulrica,Fones,ufoneslp@cafepress.com,Bigender
783,Giulia,Dowry,gdowrylq@jiathis.com,Female
784,Aveline,Berardt,aberardtlr@discuz.net,Male
785,Prudy,Thombleson,pthomblesonls@cyberchimps.com,Genderfluid
786,Teresita,Whightman,twhightmanlt@answers.com,Female
787,Bryna,Jaine,bjainelu@tinyurl.com,Polygender
788,Reinaldo,De la Perrelle,rdelaperrellelv@cmu.edu,Genderqueer
789,Norton,Boscher,nboscherlw@list-manage.com,Male
790,Noelyn,Drieu,ndrieulx@bing.com,Non-binary
791,Rosette,Sutheran,rsutheranly@oakley.com,Agender
792,Marcie,De Antoni,mdeantonilz@chicagotribune.com,Genderqueer
793,Silvain,Malyan,smalyanm0@pagesperso-orange.fr,Agender
794,Judas,MacKeller,jmackellerm1@photobucket.com,Non-binary
795,Wilbur,Gianninotti,wgianninottim2@e-recht24.de,Polygender
796,Brice,Baldin,bbaldinm3@i2i.jp,Agender
797,Nelle,Sowood,nsowoodm4@blogspot.com,Female
798,Maisie,Armistead,marmisteadm5@wikimedia.org,Female
799,Anthia,Fernando,afernandom6@google.cn,Genderqueer
800,Amara,Heball,aheballm7@taobao.com,Genderfluid
801,Melina,Kiddy,mkiddym8@miibeian.gov.cn,Bigender
802,Cherrita,Meake,cmeakem9@istockphoto.com,Male
803,Major,MacAllen,mmacallenma@disqus.com,Agender
804,Jenni,Byfield,jbyfieldmb@ebay.co.uk,Female
805,Neil,Macvey,nmacveymc@livejournal.com,Genderfluid
806,Omero,Gath,ogathmd@oakley.com,Bigender
807,Gerri,Riddich,griddichme@merriam-webster.com,Male
808,Gawain,Drought,gdroughtmf@sbwire.com,Genderqueer
809,Luce,Verrechia,lverrechiamg@e-recht24.de,Polygender
810,Donny,Woller,dwollermh@indiegogo.com,Female
811,Thibaud,Tinwell,ttinwellmi@uol.com.br,Polygender
812,Shirleen,Gumery,sgumerymj@com.com,Male
813,Roarke,Rizzone,rrizzonemk@home.pl,Polygender
814,Lambert,Locock,llocockml@google.co.jp,Non-binary
815,Marney,Cogger,mcoggermm@issuu.com,Genderfluid
816,Arne,MacFadzan,amacfadzanmn@dailymotion.com,Genderfluid
817,Barbette,McKerley,bmckerleymo@aol.com,Bigender
818,Blane,Rapp,brappmp@chronoengine.com,Genderfluid
819,Brita,Artus,bartusmq@live.com,Genderqueer
820,Riobard,Batey,rbateymr@squidoo.com,Agender
821,Tamera,Ropert,tropertms@phoca.cz,Genderqueer
822,Suzanna,Kingswoode,skingswoodemt@oaic.gov.au,Male
823,Melita,Josilevich,mjosilevichmu@webnode.com,Genderfluid
824,William,Dickie,wdickiemv@linkedin.com,Female
825,Franky,Carleman,fcarlemanmw@bloglovin.com,Male
826,Bartholemy,Eringey,beringeymx@who.int,Male
827,Adel,Hacon,ahaconmy@tuttocitta.it,Non-binary
828,Penrod,Side,psidemz@skype.com,Polygender
829,Axe,Hutchin,ahutchinn0@cocolog-nifty.com,Non-binary
830,Laurie,Schonfelder,lschonfeldern1@loc.gov,Female
831,Brandtr,McFarland,bmcfarlandn2@live.com,Polygender
832,Angel,Blayney,ablayneyn3@wunderground.com,Genderqueer
833,Hubie,Landeg,hlandegn4@nasa.gov,Female
834,Rycca,Gallaher,rgallahern5@cyberchimps.com,Bigender
835,Josee,Deny,jdenyn6@shutterfly.com,Agender
836,Larina,Banfill,lbanfilln7@tiny.cc,Polygender
837,Carlie,Vanstone,cvanstonen8@tripadvisor.com,Polygender
838,Afton,Buntain,abuntainn9@vistaprint.com,Polygender
839,Rollo,Bromidge,rbromidgena@nbcnews.com,Non-binary
840,Hanson,Coppo,hcopponb@multiply.com,Non-binary
841,Erich,Glentz,eglentznc@nih.gov,Genderfluid
842,Ezechiel,Bretherton,ebrethertonnd@cbslocal.com,Polygender
843,Anabelle,Bott,abottne@elpais.com,Male
844,Vina,Spalding,vspaldingnf@spotify.com,Polygender
845,Heall,Casserly,hcasserlyng@amazon.com,Agender
846,Willow,Waghorne,wwaghornenh@sciencedirect.com,Female
847,Ring,Briat,rbriatni@seattletimes.com,Bigender
848,Danita,Fallawe,dfallawenj@umich.edu,Bigender
849,Claiborne,Surman,csurmannk@eventbrite.com,Male
850,Nola,Lampard,nlampardnl@soundcloud.com,Genderfluid
851,Nancee,Jinkin,njinkinnm@domainmarket.com,Non-binary
852,Giana,Poynzer,gpoynzernn@indiatimes.com,Genderqueer
853,Zackariah,Robertacci,zrobertaccino@bandcamp.com,Male
854,Clari,Mocher,cmochernp@deliciousdays.com,Female
855,Thibaud,Eyrl,teyrlnq@g.co,Polygender
856,Dorita,Iianon,diianonnr@phpbb.com,Male
857,Novelia,Pilcher,npilcherns@nsw.gov.au,Polygender
858,Wiatt,Stilly,wstillynt@nifty.com,Bigender
859,Ferris,Bresnahan,fbresnahannu@free.fr,Female
860,Menard,Mulvihill,mmulvihillnv@cmu.edu,Non-binary
861,Korey,Bugge,kbuggenw@ft.com,Polygender
862,Susanne,Couve,scouvenx@myspace.com,Genderqueer
863,Cynthy,Fone,cfoneny@wix.com,Genderfluid
864,Emiline,Hallut,ehallutnz@psu.edu,Genderqueer
865,Adelle,Wipfler,awipflero0@ibm.com,Bigender
866,Rhiamon,Seabridge,rseabridgeo1@telegraph.co.uk,Non-binary
867,Megan,Seekings,mseekingso2@icio.us,Polygender
868,Tait,Ketton,tkettono3@blogger.com,Agender
869,Raychel,Hanssmann,rhanssmanno4@a8.net,Male
870,Huntlee,Corstan,hcorstano5@usnews.com,Non-binary
871,Jacquelin,Lindores,jlindoreso6@foxnews.com,Polygender
872,Elmira,Galsworthy,egalsworthyo7@goo.gl,Genderfluid
873,Jackelyn,Scarrisbrick,jscarrisbricko8@newyorker.com,Genderfluid
874,Nissy,Heber,nhebero9@ezinearticles.com,Male
875,Susanne,Demeza,sdemezaoa@mapquest.com,Genderfluid
876,Nap,Eastham,neasthamob@imgur.com,Female
877,Leeanne,Yablsley,lyablsleyoc@usda.gov,Genderqueer
878,Gweneth,Boerderman,gboerdermanod@cloudflare.com,Male
879,Charmain,Divisek,cdivisekoe@springer.com,Male
880,Walliw,Slay,wslayof@elegantthemes.com,Non-binary
881,Harcourt,Thayre,hthayreog@networkadvertising.org,Female
882,Riordan,Keese,rkeeseoh@elegantthemes.com,Bigender
883,Alexei,Pau,apauoi@answers.com,Female
884,Lazar,Satterley,lsatterleyoj@storify.com,Genderfluid
885,Orran,Symms,osymmsok@wunderground.com,Polygender
886,Barnabas,Sennett,bsennettol@ebay.co.uk,Male
887,Genny,Purves,gpurvesom@mtv.com,Genderfluid
888,Philbert,Mitchel,pmitchelon@php.net,Agender
889,Willamina,Mellmoth,wmellmothoo@loc.gov,Agender
890,Vale,Saurat,vsauratop@ask.com,Genderfluid
891,Loralee,Boick,lboickoq@eventbrite.com,Agender
892,Trip,Epple,teppleor@creativecommons.org,Polygender
893,Danice,Tweedell,dtweedellos@dmoz.org,Female
894,Nigel,Crier,ncrierot@baidu.com,Female
895,Mano,Dreng,mdrengou@usatoday.com,Non-binary
896,Bailey,Salsbury,bsalsburyov@cisco.com,Non-binary
897,Sumner,Wattinham,swattinhamow@answers.com,Genderqueer
898,Mallissa,Lowres,mlowresox@merriam-webster.com,Genderqueer
899,Cammie,Riccio,cricciooy@cdc.gov,Agender
900,Lanni,Madgewick,lmadgewickoz@cnet.com,Female
901,Rosemarie,de Keyser,rdekeyserp0@java.com,Male
902,Vito,Gainsford,vgainsfordp1@vk.com,Genderqueer
903,Delbert,de Glanville,ddeglanvillep2@weibo.com,Male
904,Candis,Champagne,cchampagnep3@cbsnews.com,Male
905,Nicolis,Sutherel,nsutherelp4@dedecms.com,Bigender
906,Ardath,Empleton,aempletonp5@prnewswire.com,Polygender
907,Arielle,Jervis,ajervisp6@networksolutions.com,Polygender
908,Danita,St. Ledger,dstledgerp7@cafepress.com,Bigender
909,Mirabella,Ibbison,mibbisonp8@indiatimes.com,Genderfluid
910,Zane,Calleja,zcallejap9@themeforest.net,Genderqueer
911,Kandy,Carlin,kcarlinpa@friendfeed.com,Polygender
912,Gilbertina,Crackel,gcrackelpb@house.gov,Bigender
913,Spense,Dyerson,sdyersonpc@squarespace.com,Male
914,Lorette,Osgodby,losgodbypd@mayoclinic.com,Genderqueer
915,Alfons,Duchart,aduchartpe@dailymail.co.uk,Agender
916,Moore,Rennicks,mrennickspf@histats.com,Genderqueer
917,Rabi,Farfull,rfarfullpg@over-blog.com,Male
918,Bart,Deere,bdeereph@squarespace.com,Genderqueer
919,Karlotte,Keneforde,kkenefordepi@eventbrite.com,Agender
920,Minnie,Moehler,mmoehlerpj@oakley.com,Non-binary
921,Ingram,Illesley,iillesleypk@privacy.gov.au,Female
922,Aprilette,Krzyzowski,akrzyzowskipl@arstechnica.com,Male
923,Regen,Itzcovich,ritzcovichpm@ibm.com,Bigender
924,Nananne,Platt,nplattpn@dyndns.org,Agender
925,Winny,Beardsall,wbeardsallpo@friendfeed.com,Female
926,Lethia,Hardison,lhardisonpp@sciencedirect.com,Genderqueer
927,Ewen,Houseley,ehouseleypq@sitemeter.com,Genderqueer
928,Shellie,Eisikowitz,seisikowitzpr@aol.com,Female
929,Horacio,Carlin,hcarlinps@fc2.com,Genderqueer
930,Carma,Walsom,cwalsompt@woothemes.com,Male
931,Lois,McGown,lmcgownpu@wordpress.org,Bigender
932,Maryrose,Instock,minstockpv@ucsd.edu,Male
933,Warde,Tapsfield,wtapsfieldpw@japanpost.jp,Non-binary
934,Delcina,Ottosen,dottosenpx@wunderground.com,Polygender
935,Thia,O'Rowane,torowanepy@netscape.com,Agender
936,Gabe,Clampe,gclampepz@ow.ly,Non-binary
937,Timothee,Spendley,tspendleyq0@blogs.com,Bigender
938,Lissi,Ruston,lrustonq1@ebay.co.uk,Polygender
939,Hashim,Liston,hlistonq2@geocities.com,Bigender
940,Emily,Bukowski,ebukowskiq3@sbwire.com,Agender
941,Brande,Tevlin,btevlinq4@blogtalkradio.com,Bigender
942,Benedetto,Codling,bcodlingq5@digg.com,Bigender
943,Allison,Lewerenz,alewerenzq6@qq.com,Genderqueer
944,Farlay,Zelner,fzelnerq7@issuu.com,Non-binary
945,Boycey,Prestwich,bprestwichq8@altervista.org,Genderfluid
946,Tamiko,Ringe,tringeq9@drupal.org,Male
947,Rodrigo,Meiklam,rmeiklamqa@ox.ac.uk,Agender
948,Benito,Fennick,bfennickqb@bloomberg.com,Genderqueer
949,Nickola,McGaraghan,nmcgaraghanqc@uiuc.edu,Bigender
950,Haley,McMearty,hmcmeartyqd@house.gov,Polygender
951,Vincents,Duffrie,vduffrieqe@eventbrite.com,Genderfluid
952,Jody,Paulley,jpaulleyqf@infoseek.co.jp,Genderqueer
953,Glennis,Tolwood,gtolwoodqg@shop-pro.jp,Female
954,Morna,Fyfe,mfyfeqh@pcworld.com,Polygender
955,Rikki,Welfair,rwelfairqi@smh.com.au,Male
956,Meghan,Schollick,mschollickqj@nhs.uk,Non-binary
957,Flora,Rosten,frostenqk@google.fr,Female
958,Robinetta,Stit,rstitql@wikispaces.com,Agender
959,Gerhardt,Abrahm,gabrahmqm@artisteer.com,Non-binary
960,Linnea,Knoles,lknolesqn@slate.com,Female
961,Nobe,Stirley,nstirleyqo@mapy.cz,Polygender
962,Danny,Nannetti,dnannettiqp@webs.com,Polygender
963,Giles,Rowbrey,growbreyqq@foxnews.com,Genderqueer
964,Hayden,Lode,hlodeqr@geocities.jp,Genderfluid
965,Arnie,Greer,agreerqs@dot.gov,Genderqueer
966,Emmalee,Volks,evolksqt@yolasite.com,Non-binary
967,Casi,McMearty,cmcmeartyqu@shareasale.com,Polygender
968,Elora,Orris,eorrisqv@fc2.com,Agender
969,Del,Gooderridge,dgooderridgeqw@issuu.com,Polygender
970,Delphine,Lannon,dlannonqx@mtv.com,Non-binary
971,Rafaela,Ricco,rriccoqy@desdev.cn,Polygender
972,Berrie,Pettit,bpettitqz@multiply.com,Bigender
973,Anni,Rennebeck,arennebeckr0@yahoo.co.jp,Bigender
974,Desmond,Wythe,dwyther1@china.com.cn,Female
975,Zonnya,Allawy,zallawyr2@blogs.com,Female
976,Trista,Stokey,tstokeyr3@vkontakte.ru,Male
977,Itch,Cooke,icooker4@mozilla.com,Genderfluid
978,Phillipp,Tupie,ptupier5@simplemachines.org,Agender
979,Rochette,Deaves,rdeavesr6@mysql.com,Genderqueer
980,Jamison,Alleway,jallewayr7@blinklist.com,Genderfluid
981,Jozef,McMichan,jmcmichanr8@zdnet.com,Male
982,Dorthea,Signe,dsigner9@etsy.com,Genderqueer
983,Lowell,Baskerville,lbaskervillera@shutterfly.com,Polygender
984,Elwood,Perkis,eperkisrb@sakura.ne.jp,Male
985,Collie,Dolder,cdolderrc@about.me,Non-binary
986,Josefa,Sculley,jsculleyrd@ebay.co.uk,Female
987,Donielle,Londesborough,dlondesboroughre@uiuc.edu,Genderqueer
988,Raquel,Smart,rsmartrf@wikimedia.org,Genderfluid
989,Eadith,Ivanisov,eivanisovrg@ehow.com,Male
990,Jesse,Friedlos,jfriedlosrh@domainmarket.com,Genderqueer
991,Sigismundo,Cudbertson,scudbertsonri@jigsy.com,Genderqueer
992,Matti,Pray,mprayrj@wikispaces.com,Genderfluid
993,Dick,Kenealy,dkenealyrk@slashdot.org,Male
994,Evey,Kurt,ekurtrl@comcast.net,Bigender
995,Roselin,Mahody,rmahodyrm@amazon.de,Agender
996,Christophe,Lambal,clambalrn@marketwatch.com,Agender
997,Stanislas,Common,scommonro@omniture.com,Genderfluid
998,Juli,O'Sirin,josirinrp@oakley.com,Genderqueer
999,Jessamyn,Iggalden,jiggaldenrq@bloomberg.com,Genderfluid
1000,Lazar,Sumbler,lsumblerrr@taobao.com,Male